"Patricia Alejandra Behar",
"Silvia de Oliveira Kist",
"Juliano de Vargas Bittencourt",
"Marcos Augusto F. Borges",
"M. Cecília C. Baranauskas",
"Ana Carolina Bertoletti",
"Márcia Cristina Moraes",
"Antônio Carlos da Rocha Costa",
"Débora Maria Barroso Paiva",
"Maria das Graças Volpe Nunes",
"Maria da Graça Campos Pimentel",
"Rodrigo Ferrugem Cardoso",
"José Valdeni de Lima",
"Pedro Willibaldo Schuck",
"Lucia Maria Martins Giraffa",
"Janne Yukiko Yoshikawa Oeiras",
"Heloísa Vieira da Rocha",
"Fernanda Maria Pereira Freire",
"Luciana Alvim Santos Romani",
"Célia Regina Rangel Nascimento",
"Roberta Scaramussa da Silva",
"Paola Vargas Barbosa",
"Tânia  Kist",
"Alessandra  Dahmer",
"Luciano Paschoal Gaspary",
"Cássia Trojahn dos Santos",
"Rejane  Frozza",
"Alex Sandro Gomes",
"Francisco José de Azevedo Alves",
"Marco Aurélio Gerosa",
"Hugo  Fuks",
"Carlos José Pereira de Lucena",
"Margarete  Axt",
"Carime Rossi Elias",
"Daniela Peño Paiva",
"Evandro  Alves",
"Fernando  Hartmann",
"Silvia Meirelles Leite",
"Sofia A. Chaves Barcellos",
"Maria Aparecida M. Souto",
"Francine  Bica",
"Mariúsa  Warpechowski",
"Rosa M. Vicari",
"José Palazzo M. de Oliveira",
"Renata  Zanella",
"Alexandre Arnaldo Sonntag",
"Ernesto Macedo Reis",
"Flavia  Rezende",
"Susana de Souza Barros",
"Luciane M. Fraga",
"Maria Augusta S. N. Nunes",
"Leandro L. Dihl",
"Cristiane R. Woszezenski",
"Lisiane  Oliveira",
"Deise J. Francisco",
"Glaucio J. C. Machado",
"Carmem R. D. Nogueira",
"Maria da Glória Notargiacomo",
"Mariano Gomes Pimentel",
"Fábio Ferrentini Sampaio",
"Mercedes  Vitturini",
"Laura  Benedetti",
"Perla  Señas",
"G. M. J.  Curilem",
"F. M. de Azevedo",
"Letícia Rafaela Rheinheimer",
"Sérgio Crespo Coelho da Silva Pinto",
"Simone  Criminácio",
"André Luís Alice Raabe",
"Daniela Leal Musa",
"Ricardo  Naveiro",
"Patrick  Brézillon",
"Marcos  Borges",
"Gustavo  Vier",
"Karine Beschoren de Souza",
"Regina  Verdin",
"Milton J. P. Madeira",
"Simone Bicca Charczuk",
"Marcus  Barbosa",
"Tânia Barbosa Salles Gava",
"Crediné Silva de Menezes",
"Flávia Beatriz Rodrigues Prisco da Cunha",
"Germano de Souza Keinbaum",
"Carlos Alberto de Oliveira",
"Joaquina Barata Teixeira",
"Marianne Kogut Eliasquevici",
"Cassiano Dal Pizzol",
"Alexandre Lazaretti Zanatta",
"Marcos da Fonseca Elia",
"André M.M. Neves",
"Fábio  Paraguaçu",
"Flávia A. Barros",
"Patrícia S. Cavalcante",
"Simone Grace de Barros",
"Manoelisa  Goebel",
"Andre Zanki Cordenonsi",
"Carla Beatris Valentini",
"Eliana Maria do Sacramento Soares",
"Claudia L.R. Motta",
"Marcos R. S. Borges",
"Glauco Palassi Cupertino de Castro",
"Davidson  Cury",
"Cláudio F. R. Geyer",
"Adriana Soares Pereira",
"Alessandra P. Rodrigues",
"Débora Nice Ferrari",
"Joisé P. Emiliano",
"Alex Francisco G. Oliveira",
"Taís Rabetti Gianella",
"José Antonio Gameiro Salles",
"Miriam  Struchiner",
"Márcia Rodrigues Notare",
"Guilherme  Drehmer",
"Tiarajú Asmuz Diverio",
"Francine Ferreira Vaz",
"Fernanda Cláudia Alves Campos",
"Airton  Cattani",
"Alexandre Magno Aouila Goulart",
"José Marques Pessoa",
"Rachel Cristina Mello Guimarães",
"Breno F. T. Azevedo",
"Orivaldo de L. Tavares",
"João Vilhete Viegas d’Abreu",
"Marco Túlio Chella",
"Edeval Ari Vieira",
"Edith Ulloa Angulo",
"Nizam  Omar",
"Rosane Aragón de Nevado",
"Léa da Cruz Fagundes",
"Marcus Vinicius Basso",
"Ítalo Modesto Dutra",
"Marcos Flávio Paim",
"Carlos Miguel Tobar",
"João Luís Garcia Rosa",
"Juan Manuel Adán Coello",
"Ricardo  Pannain",
"José Marques Soares",
"Antônio Mauro Barbosa de Oliveira",
"Antônio de Barros Serra",
"Giovanni Cordeiro Barroso",
"Anderson Ricardo Yanzer Cabral",
"Marco  Carvalho",
"Evelise Izumi Kawasaki",
"Jaquieline de Carvalho",
"Clovis Torres Fernandes",
"Patricia Azevedo Tedesco",
"Vanessa  Lindemann",
"Ana Lúcia Cetertich Bazzan",
"Rodrigo R. V. Goulart",
"Lucia M. M. Giraffa",
"Cláudia Zamboni de Almeida",
"Martha Barcellos Vieira",
"Naura Andrade Luciano",
"Elizabeth  Furtado",
"Kenia  Sousa",
"Leandro  Taddeo",
"Daniel  William",
"Renata Silva Souza Guizzardi",
"Luciane Stefanato Negrini",
"Ricardo Luís Lachi",
"Joice L. Otsuka",
"Carla Lisiane de Oliveira Castanho",
"Raul Sidnei Wazlawick",
"Marcos José Silva e Cunha",
"Sérgio Crespo C. S. Pinto",
"Eliane  Schlemmer",
"Cássia T. dos Santos",
"Cláudia C. Pérez",
"Letícia R. Rheinheimer",
"Alexandre Gonçalves Silva",
"Roberto de Alencar Lotufo",
"Rubens Campos Machado",
"Ana Marina Teixeira Araújo",
"Ana Cláudia H. Vieira",
"Luiz Antônio M. Palazzo",
"Patrícia C. A. R. Tedesco",
"José M. Parente de Oliveira",
"Lúbia Mara Lopes Rodrigues",
"Marco Aurélio Carvalho",
"Dilermando Piva Jr.",
"Jori Almeida de Amorim",
"Mauro Sérgio Miskulin",
"Ricardo Luis de Freitas",
"Rosana Giaretta Sguerra Miskulin",
"Hylson Vescovi Netto",
"Leonardo Magela Cunha",
"Carlos José Pereira de Licena",
"Silvana Rossy de Brito",
"Orivaldo de Lira Tavares",
"Credine Silva de Menezes",
"Debora Maria Coelho Nascimento",
"Arturo  Hernandez-Domínguez",
"Ulrich  Schiel",
"Henrique Nou Schneider",
"Joice Lee Otsuka",
"Luiz A. M. Palazzo",
"Antônio C. R. Costa",
"Graçaliz P. Dimuro",
"Fernando  Schrimbeck",
"Edson Pereira Cardoso",
"Lucia Barcellos Bazzarella",
"Alberto Nogueira de Castro Júnior",
"Beatriz R. T. Franciosi",
"Marilú F. de Medeiros",
"Rubem F. Vargas",
"Joyce M. Pernigotti",
"Juracy C. Marques",
"Anamaria L. Colla",
"Giuliano Araujo Bertoti",
"Roberto  Castro",
"Glaucia da Silva Brito",
"Adolfo Cassoli Gomes",
"Sílvia Meirelles Leite",
"Sílvia Ferreto da Silva Moresco",
"Angela Carrancho da Silva",
"Alberto J. Cañas",
"Marco  Arguedas",
"Louise Jeanty de Seixas",
"Cecília Dias Flores",
"André Meyer Silvestre",
"Rosa  Vicari",
"Parcilene Fernandes de Brito",
"Fabiano  Fagundes",
"João Bosco da Mota Alves",
"Elaine Quintino da Silva",
"Vanderley Flor da Rosa",
"Dilvan de Abreu Moreira",
"José Pereira Emiliano",
"Cláudio Fernando Resin Geyer",
"Orlando Bisacchi Coelho",
"Daniel Monegatto Santoro",
"André Luiz Battaiola",
"Nassim Chamel Elias",
"Rodrigo de Godoy Domingues",
"Rodrigo  Assaf",
"Geber Lisboa Ramalho",
"André  Santanchè",
"Cesar Augusto Camillo Teixeira",
"Marisa  Lucena",
"José Cláudio Vahl Júnior",
"Mário de Souza Neto",
"Vanderson José Ildefonso Silva",
"Isaura Alcina Martins Nobre",
"Leandro Magela Cunha",
"Flávia Maria Santoro",
"Neide  Santos",
"Ismar Frango Silveira",
"Maria Alice Grigas Varela Ferreira",
"Claudia Lage Rebello da Motta",
"Laura Maria Coutinho Lopes",
"Andréia Regina Pereira",
"Ana Paula Piovesan Melchiori Peruzza",
"Maria Aparecida Fernandes Almeida",
"Jorge Muniz Barreto",
"Eliane  Pozzebon",
"Almir Rogério Camolesi",
"João José Neto",
"Carlos José M. Olguín",
"Alberto B. Raposo",
"Ivan Luiz M. Ricarte",
"José Carlos Tavares da Silva",
"Bruno  Feijó",
"João  Vilhete",
"Luiz M. G. Gonçalves",
"Maria F. Garcia",
"Luciane T. S. Garcia",
"Ricardo  Wainer",
"Milton  Madeira",
"Eduardo  Heredia",
"Jadir Custódio Mendonça",
"Rêmulo Maia Alves",
"Luciano de Errico",
"FulanoRenato Cardoso Mesquita",
"Larissa  Tollens",
"Gláucia Sá Fortes Moreira",
"Ana Regina Rocha",
"Lísia  Rabelo",
"Fernanda  Campos",
"Alexandre  Casacurta",
"Marcel Furtado Almeida",
"Ricardo Augusto da Luz Reis",
"Bianchi Serique Meiguins",
"Marcos Paulo Alves de Sousa",
"Luiz Affonso Guedes",
"Marcelo de Brito Garcia",
"Breno Serique Meiguins",
"Bruno  Queiroz",
"Carlos  Lopes",
"Márcia  Fernandes",
"Claudia Brandelero Rizzi",
"Sérgio Roberto Kieling Franco",
"Cristiane  Guimarães",
"Mônica D. Fernandes",
"Douglas Daniel Del Frari",
"Fabio Ferrentini Sampaio",
"Giliane  Bernardi",
"Marcos Luís Cassal",
"Joelene de Oliveira de Lima",
"Denise Ferreira Garcia",
"Juliana  Miranda",
"Marcia Paul Waquil",
"Ellen Regina Mayé Nunes",
"Helena Sporleder Côrtes",
"Renata Couto Moreira",
"Jones Oliveira de Albuquerque",
"Cláudia M. Ribeiro Andrade",
"Thais Helena Chaves de Castro",
"Silvano Maneck Malfatti",
"Estela Maris Bolzan Engers",
"Janine Fraga Ribas",
"Maria Augusta Silveira Netto Nunes",
"Deise Juliana Francisco",
"Rose Mary Almas de Carvalho",
"Marina Moraes Felipe",
"Lúcia Regina Goulart Vilarinho",
"Iêda Carvalho Sande",
"Jorge Fernando Silva de Araujo",
"M. F.  Elia",
"Flávia Veloso de Souza",
"Vânia Marins Nobre",
"Marcos  Elia",
"Carlos J. P. de Lucena",
"Juliana Lucas de Rezende",
"Roseli P. Hansen",
"Sérgio Crespo S. C. Pinto",
"Kelly Assis de Souza",
"Michelle Denise Leonhardt",
"Ricardo  Neisse",
"Liane Margarida Rockenbach Tarouco",
"Roque  Moraes",
"Ingrid de Vargas Mito",
"Beatriz Regina Tavares Franciosi",
"Iranete  Lima",
"Hamid  Chaachoua",
"Carlos Eduardo Ávila",
"Leonardo  Madeira",
"David Nadler Prata",
"Luís Henrique Raja Gabaglia Mitchell",
"Valter  Roesler",
"João Marcelo Ceron",
"Maiko de Andrade",
"Irene Karaguilla Ficheman",
"Ricardo Augusto Lipas",
"Susana Ester Krüger",
"Roseli de Deus Lopes",
"Aleksandra do Socorro Silva",
"Eloi Luiz Favero",
"Arturo  Hernández-Domínguez",
"Carlos Renato Lisboa Francês",
"Cláudia  Gama",
"Maria da Penha de Andrade Abi Harb",
"Marlon José Dognini",
"Silvia F. S. Moresco",
"Marcos Antônio Gomes Brandão",
"Mauricio Abreu Pinto Peixoto",
"Viviane Modesto Ferraz",
"Roberta Pereira Coutinho",
"Daniel Damas Guardanapo",
"Luciana Frasson Mesquita",
"Renata S. S. Guizzardi",
"Lora  Aroyo",
"Gerd  Wagner",
"Maria de Fátima Webber do Prado Lima",
"Genésio Gomes da Cruz Neto",
"Patricia  Tedesco",
"Thereza Patrícia Pereira Padilha",
"Leandro Maciel Almeida",
"Andréa Pereira Mendonça",
"Fernando da Fonseca de Souza",
"Saulo Jorge Beltrão de Queiroz",
"Vítor de Oliveira Batista",
"Ana Paula Ribeiro Ataíde",
"Adla Betsaida Martins Teixeira",
"Clarindo Isaías Pereira da Silva e Pádua",
"Maria de Fátima Ramos Brandão",
"Carlos Renato dos Santos Ramos",
"Bartholomeu T. Tróccoli",
"Alexandra Lorandi Macedo",
"Andressa Cristiani Piconi",
"Eduardo Hideki Tanaka",
"Vinícius Costa de Souza",
"Sérgio Crespo C. da Silva Pinto",
"Rosa Maria E. Moreira da Costa",
"Luis Alfredo V. de Carvalho",
"Claudia Regina Uchoa de Lima",
"Lucila Maria Costi Santarosa",
"Germana Menezes da Nóbrega",
"Stefano A. Cerri",
"Jean  Sallantin",
"Rachele Bianchi Sganderla",
"Francisco José Martins",
"Sérgio  Teixeira",
"Marcus V. C. Guelpeli",
"Carlos H. C. Ribeiro",
"Ricardo Azambuja Silveira",
"Eduardo Rodrigues Gomes",
"Sílvia Jenny Donaduzzi",
"Rafael  Welter",
"Edson P. Pimentel",
"Vilma F. de França",
"Louise J. Seixas",
"Cecilia D. Flores",
"João C. Gluz",
"Helder  Coelho",
"Patricia Augustin Jaques",
"Everton  Bocca",
"Rosa Maria Vicari",
"Adja Ferreira de Andrade",
"Lúcia M. M. Giraffa",
"Sabrina  Marczak",
"Lucia  Giraffa",
"Gláucio  Almeida",
"Marcelo  Blois",
"Ligia Flávia Antunes Batista",
"Alexandre Ibrahim Direne",
"José Tarcísio Pires Trindade",
"Itana Maria de Souza Gimenes",
"Omar Gemha Taha",
"Flávio Ferreira Borges",
"Fabiano  Dorça",
"Márcia A. Fernandes",
"Carlos R. Lopes",
"Anderson A. Teymeny",
"André  Ramos",
"Bruno Queiroz Pinto",
"Carlos Roberto Lopes",
"Andréa Teresa Riccio Barbosa",
"Fernando Mendes de Azevedo",
"Luiz Henrique Zeferino",
"Clevi Elena Rapkiewicz",
"Gudelia  Morales",
"Gabriel dos Santos",
"André Luiz Pires Guedes",
"Henriette Lebre La Rovere",
"Alizeu Francisco Schneider",
"Fernando Santos Osório",
"Creto Augusto Vidal",
"Emanuele Marques dos Santos",
"Antonio José Melo Leite Júnior",
"Camilo Camilo Almendra",
"Vládia Maria Cabral Borges",
"Marcelo Knörich Zuffo",
"Rafael P. de Lira",
"M.  Santos",
"F. Luiz dos Santos",
"Juliana R. B. Diniz",
"Elizangela Bastos Hassan",
"Leila  Andrade",
"Jorge  Zavaleta",
"Francine  Vaz",
"Cabral  Lima",
"Catia  Araujo",
"Adriana  Soares",
"André Wilson Brotto Furtado",
"André Luís de Medeiros Santos",
"João Ricardo Bittencourt",
"Lucia Maria Giraffa",
"Flávio Galdino Xavier",
"Arion de Castro Kurtz dos Santos",
"Gustavo A. Giménez Lugo",
"A. B. Wozniak Giménez",
"J. S. Sichman",
"J. F. Hübner",
"Demetrius Ribeiro Lima",
"Marta Costa Rosatelli",
"Patricia C. de Souza",
"Raul S. Wazlawick",
"Marta C. Rosatelli",
"Maria Nícia Antunes",
"Elton José da Silva",
"Marcelo H. D. Abreu",
"Rodrigo Ferreira da Silva",
"Gianna Oliveira Roque",
"Vagner da Silva",
"Alexandre Lopes Machado",
"Felipe Afonso de Almeida",
"José Silvério Edmundo Germano",
"Edson Pinheiro Pimentel",
"Pollyana Notargiacomo Mustaro",
"Vilma Fernandes de França",
"Francisco Edson Lopes da Rocha",
"Roberta Vilhena Vieira",
"Julio Valente da Costa Jr",
"Alberto Barbosa Raposo",
"Ma. de Fatima C. de Souza",
"José Aires C. Filho",
"Mauro C. Pequeno",
"Hyggo Oliveira de Almeida",
"Luiz Eugênio Fernandes Tenório",
"Evandro de Barros Costa",
"Nadia Milena Barbosa",
"Frederico Moreira Bublitz",
"Alexandre Andrade Barbosa",
"Genessa  Robinson",
"Marcelo  Scopel",
"Junior  Martins",
"Leliane Nunes de Barros",
"Karina Valdivia Delgado",
"Andréia Cristina G. Machion",
"José Francisco de Magalhães Netto",
"Carine  Webber",
"Sylvie  Pesty",
"Éder Torres Patrício",
"Manoel Ribeiro Filho",
"Orlando Fonseca Silva",
"Daniela  Rossi",
"Ana Grasielle Dionísio Corrêa",
"Fernando Lincoln Mattos",
"Sandra Freitas Ferreira Lima",
"Daniel William Tavares Rodrigues",
"Robinson Vida Noronha",
"Alexander  Romiszowski",
"Carlos  Villalba",
"Rosane Aragon de Nevado",
"Luís Fernando Maximo",
"Seiji  Isotani",
"Leonidas de Oliveira Brandão",
"Ellen Francine Barbosa",
"José Carlos Maldonado",
"José Demisio Simões da Silva",
"André Bernardess Peza",
"Vilmar Pedro Votre",
"Moysés  Araújo",
"Maria Alice Grigas Varella Ferreira",
"Gretchen Torres de Macêdo",
"Bruno Freitas Gadelha",
"Gilbert Breves Martins",
"Alberto Nogueira de Castro Junior",
"Rosa Maria Viccari",
"Davi D' Andréa Baccan",
"Adriana  Dallacosta",
"Daniela Debastiani de Souza",
"Maria Carolina Santos de Souza",
"Teresinha Fróes Burnham",
"Ricardo de A. Kratz",
"Marlise  Geller",
"Liane M. R. Tarouco",
"Sergio R. K. Franco",
"Milene  Silveira",
"Márcio  Pinho",
"Adriano  Gonella",
"Patrick  Calvetti",
"Melina  Herrmann",
"Humberto Cardoso Marchezi",
"Hans-Jorg Andreas Schneebeli",
"Patrick  Moratori",
"Paulo  Mattos",
"Carlos  Franco",
"Marcelo P. de Souza",
"Fábio  Merçon",
"Cláudio N. Rapello",
"Antônio César S. Ayres",
"Oswaldo Bassani Neto",
"Graciela Cristina Bernardes Lima",
"Paulo Blauth Menezes",
"Júlio Henrique Araújo Pereira Machado",
"Maira  Bernardi",
"Daniel dos Santos Pêgas",
"Edgar Toshiro Yano",
"Jacques Duílio Brancher",
"Maria Augusta Silveira Neto Nunes",
"Eliseo  Reategui",
"Marcia  Notare",
"Rafael A. Faraco",
"Fernando A. O. O. Gauthier",
"Sidnei Renato Silveira",
"Dante Augusto Couto Barone",
"Ilan  Chamovitz",
"Raymundo Carlos Machado Ferreira Filho",
"Nilo César Consoli",
"Rosa Maria Vicar",
"Fernando  Schnaid",
"Luis C. Coradine",
"Fábio C. Albuquerque",
"André  Silva",
"Jimmy  Madeiro",
"Miguel  Pereira",
"Orivaldo L. Tavares",
"Maria Angélica de Oliveira Camargo Brunetto",
"Douglas Terêncio do Vale",
"Claiton de Oliveira",
"Célia Ghedini Ralha",
"Ary F. Ferreira Galdino",
"Jean Mary A. Soares",
"José Carlos L. Ralha",
"Rogério Santos Pedroso",
"Edla Maria Faust Ramos",
"Solange Altoé de Moura",
"Bruno Madeiro da Silva",
"Márcia de Borba Campos",
"Daniela  Maiocchi",
"Michael  Bortolin",
"Alexandra Camargo Alves",
"Marcelo  Giordan",
"Jackson  Góis",
"Romero  Tori",
"Roberto  Bianchini",
"Taciana  Montes",
"Yuri  Correa",
"João  Bernardes",
"Eloi F. Fritsch",
"Leandro L. Costalonga",
"Evandro M. Miletto",
"José Palazzo Moreira de Oliveira",
"G. M. da Nobrega",
"E. J. R. de Castro",
"E.  Ferneda",
"José Carlos Loureiro Ralha",
"Josué de Araújo",
"Cristiano  Melonio",
"Sérgio Manuel Serra da Cruz",
"Leonardo J. de Oliveira",
"Marcelo T. Batista",
"Paulo S. G. Machado",
"Juliano  Bitencourt",
"Sabrina  Bet",
"Angelo Augusto Frozza",
"Angelita Aparecida Cordova de Arruda",
"Adriano Silva Lima",
"Hermínio Borges Neto",
"Janete Barroso Batista",
"Maria Isabel de Menezes",
"Dina Mara Dantas",
"Viviane Duarte Bonfim",
"Talita Alessandra Busnello",
"Sueli de Abreu",
"Maria das Graças Bruno Marietto",
"Marcos Paulo Salvador de Oliveira",
"Jurandy Gomes de Almeida Jr",
"Roberta Spolon Ulson",
"Marcos Antônio Cavenaghi",
"Renata Spolon Lobato",
"Aparecido Nilceu Marana",
"Americo Talarico Neto",
"Junia C. Anacleto",
"Vânia P. de A. Neris",
"Luciana S. Soprani",
"Renata N. Leal",
"Sônia R. F. Enumo",
"Crediné S. de Menezes",
"Lívia Lopes Azevedo",
"Beatriz Corso Magdalena",
"Edilson  Pontarolo",
"Débora N. F. Barbosa",
"Jorge L. V. Barbosa",
"Peterson Adriano Belan",
"Edilaine Petinari Nery",
"Sidnei Alves de Araújo",
"Cássio David Borralho Pinheiro",
"Luciano Ferreira Silva",
"Alexandre  Cardoso",
"Elise B. Mendes",
"Edgard Lamounier Jr",
"Eduardo Kojy Takahashi",
"J.A.S. de Campos",
"Claudio  Kirner",
"Ezequiel Roberto Zorzal",
"Otacílio José Pereira",
"M. C. A.  Brito",
"G. M. da Nóbrega",
"K. M. de Oliveira",
"Gentil Serra Jr",
"Roosevelt  Oliveira",
"Walker  Rabelo",
"Sofiane  Labidi",
"Maria Nícia R. Antunes",
"Orivaldo Lira Tavares",
"José Tomé de S. Azevedo Filho",
"Ig Ibert Bittencourt",
"Evandro B. Costa",
"Guilherme  Bittencourt",
"Janette  Cardoso",
"Gabriel André D. Dubois Brito",
"Ana Maria de C. Moura",
"Sionise Rocha Gomes",
"Maria Suzana Marc Amoretti",
"Carlos Fernando Araújo Jr",
"Carina  Darós",
"Ana Paula Brandão Lopes",
"Álvaro Vinícius de Souza Coêlho",
"José Aires de Castro Filho",
"Robson Carlos Loureiro",
"Patrícia de Sousa Paula",
"Wellington Wagner F. Sarmento",
"Luiz Eduardo Peixoto",
"Henrique Sérgio Lima Pequeno",
"Betânia T. Soares da Rocha",
"Gerardo S. Viana Júnior",
"Milton Burgos Josué Neto",
"Ivanildo José de S. Aquino Júnior",
"Mary Lúcia Pedroso Konrath",
"Gilse Antoninha Morgental Falkembach",
"Leandro A. P. dos Santos",
"Marcus Vinicius de Azevedo Basso",
"Juliano Vargas Bittencourt",
"Maria de Fátima Franco",
"Luiz H. L. Araújo",
"Gentil J. Lucena Filho",
"Teresinha  Quadros",
"Joberto S. B. Martins",
"Marie Jane S. Carvalho",
"Flávio M. Vaz da Costa",
"Célia G. Ralha",
"Tanise Paula Novello",
"Silvia  Botelho",
"Ivete  Pinto",
"Ivane  Duvoisin",
"Renato  Neves",
"Eliane Santiago Ramos",
"Adriana  Jacinto",
"Frederico  Vilela",
"Diego  Ajukas",
"L.  Zarate",
"M.  Song",
"A.  Alvarez",
"B.  Soares",
"B.  Nogueira",
"S.  Dias",
"T.  Santos",
"Rosinaldo Dourado da Fonseca Júnior",
"Marco Aurélio de Carvalho",
"Marcus Salerno de Aquino",
"Fernando da Fonseca de Sousa",
"Alejandro C. Frery",
"Gisele Trentin da Silva",
"Alberto Nogueira de Castro Jr",
"Paulo Sergio Santos Jr",
"Melina D. Herrmann",
"Milene Selbach Silveira",
"Eliseo Berni Reategui",
"Elisa  Boff",
"Alexandre  Lorenzatti",
"Augusto César Pires Spinelli",
"Janine G. Moura",
"Leonidas O. Brandão",
"Cesar  Teixeira",
"Dráusio  Capobianco",
"Cássio  Prazeres",
"Felipe  Santos",
"Matheus  Barbosa",
"Thiéberson  Gomes",
"Laércio  Ferracioli",
"Enoque Calvino Melo Alves",
"Socorro Vânia Lourenço Alves",
"Taciana Pontual da Rocha Falcão",
"Alex F. T. Primo",
"Rafael P. da Rocha",
"Marcelo  Träsel",
"Lourenço de O. Basso",
"Ricardo Matsumura Araújo",
"Marco A. Eleuterio",
"Flávio  Bortolozzi",
"Francisco M. Bieniacheski",
"Fabiano  Brum",
"Vinicius F. C. Ramos",
"Regina M. Braga",
"Alessandréia de Oliveira",
"Élder  Reioli",
"Thiago  Senador",
"Carlos Roberto França",
"José Antonio Borges",
"Marcelo Queiroz Schimidt",
"Denise  Filippo",
"Luiz Fernando T. Meirelles",
"Thiago Bortolo Ramiro",
"Celso  Hartmann",
"Alexandre  Direne",
"Luis  Bona",
"Fabiano  Silva",
"Marcos  Castilho",
"Marcos  Sunyé",
"André  Guedes",
"Cristiane  Gabriel",
"Waleska Cristina Mota Martins",
"João Paulo L. de Oliveira",
"Mariluci  Zanela",
"Luciano Fernandes Lemos Rocha",
"Rafaela de Orlando Nascimento",
"Livia Amorim Lopes",
"Claudia C. P. Cruz",
"Cyntia F. Santos",
"Leila C. V. Andrade",
"Flávio  Lamas",
"Claudia  Boeres",
"Monalisa de Abreu Leite",
"Laécio Nobre de Macedo",
"Cristiane de Lima Santos",
"Franciele C. Petry",
"Anibal L. Guedes",
"Christine S. Schröeder",
"Fernanda L. Guedes",
"Cícero C. Quarto",
"Patrícia A. Jaques",
"Ida M. M. Schivitz",
"Sílvia  Dotta",
"Isabel  Cafezeiro",
"Marcelo da S. Hounsell",
"Vanessa  Suzuki",
"Avanilde  Kemczinski",
"Isabela  Gasparini",
"Liliana M. Passerino",
"Lucila M. Costi Santarosa",
"Maria Rosangela Bez",
"Paulo Roberto Pasqualotti",
"Liliana Maria Passerino",
"Fábio Nicácio de Medeiros",
"Flávio Mota Medeiros",
"Raimundo José Macário Costa",
"Adriana Benevides Soares",
"Ana Carolina Bertoletti De Marchi",
"Maria Elisabette Brisola Brito Prado",
"Bernardo Giori Ambrósio",
"José Luis Braga",
"Mariane de Oliveira Pereira",
"Adriano Canabarro Teixeira",
"Amilton de Quadros Martins",
"Marco Antônio Sandini Trentin",
"Francisco Ramos de Melo",
"Weber  Martins",
"Lauro Eugênio Guimarães Nalini",
"Viviane  Meireles",
"Júlia  Koefender",
"Kimie Cadorini Nakahara",
"Rafael  Savi",
"Wagner Saback Dantas",
"Heloisa Vieira da Rocha",
"Ricardo de Andrade Kratz",
"Sergio Crespo Pinto",
"Jorge  Barbosa",
"Rodrigo  Hahn",
"Solon  Rabello",
"Débora  Barbosa",
"Douglas  Galante",
"Mariano  Pimentel",
"Andréia R. de A. Schneider",
"Luciana P. Nedel",
"Junia Coutinho Anacleto",
"Vânia Almeida Neris",
"Muriel de Souza Godoi",
"Aparecido Fabiano Pinatti Carvalho",
"Janice Inês Deters",
"Alisson  Oldoni",
"Anita Maria da Rocha Fernandes",
"João Carlos Silva Nobre",
"Denis Silva Loubach",
"Adilson Marques da Cunha",
"Luiz Alberto Vieira Dias",
"Noemi P. N. Fujii",
"Ismar F. Silveira",
"Lúcia Maria Martins Giraffa",
"Ana Grasielle. D. Corrêa",
"Gilda A. de Assis",
"Irene K. Ficheman",
"Valkíria  Venâncio",
"Aurélio Antonio Mendes Nogueira",
"Marcio Calixto Cabral",
"Breno Teixeira Santos",
"Fabricio da R. Leite",
"César Lincoln C. Mattos",
"Raimundo Furtado Sampaio",
"Ruth P. S. Leão",
"Dalvares R. de Oliveira",
"Guilherme S. dos Santos",
"Aparecido Fabiano Pinatti de Carvalho",
"Vânia Paula de Almeida Néris",
"Silvia  Zem-Mascarenhas",
"Américo Talarico Neto",
"Maria Teresa Gouvêa",
"Claudia L. R. Motta",
"Flávia M. Santoro",
"Maria de Fátima Neves",
"Aline Cardoso de Oliveira Macedo",
"Silvia Silva da Costa Botelho",
"Ig  Bittencourt",
"Camila  Nunes",
"Evandro  Costa",
"Marcos  Tadeu",
"Camila  Bezerra",
"Bruno de S. Monteiro",
"Henry Pôncio Cruz",
"Mariel  Andrade",
"Thiago  Gouveia",
"Romero  Tavares",
"Lucídio F. C. dos Anjos",
"Erika Handa Nozawa",
"Elaine Harada Teixeira de Oliveira",
"Patrícia Gerent Petry",
"André Luiz B. Esperidião",
"Lauro E. G. Nalini",
"Daltro José Nunes",
"Jouran P. Cortez",
"Viviane M. Gomes",
"Márcia Cristina dos Reis",
"Sérgio Roberto P. da Silva",
"Marta Dieterich Voelcker",
"Cristina  Schwarz",
"Sabrina  Silveira",
"Susana  Seidel",
"Luciana  Backes",
"Patrícia Silva Smurra Frank",
"Frederico Andros da Silva",
"Deise Tavares Del Sent",
"Amarolinda  Saccol",
"Susane  Garrido",
"Alessandra Ponte Lisboa Barbosa",
"José Luiz de Souza Pio",
"Jeane S. F. Teixeira",
"Eveline de J. V. Sá",
"Clovis T. Fernandes",
"José Francisco da Silveira Júnior",
"Márcia Cristina Coelho de Almeida",
"Hermes Alexandre de Brito",
"Francisco Araújo de Almeida Neto",
"Bartholomeu Tôrres Tróccoli",
"Ana Cristina S. Moreira",
"Telma  Moretti",
"Murilo Borges Silva",
"Rômulo  Nunes",
"Marcos  Costa",
"Alan  Silva",
"Socorro Vânia L. Alves",
"Enoque Calvino M. Alves",
"Antonio Fonseca de Lira",
"Cláudio  Ferretti",
"Edson Luiz Lindner",
"Cristiane da Silva Gabriel",
"Maria Helena Pamplona",
"Marília Gonçalves Dutra",
"Marília Paixão Linhares",
"Nilcimar dos Santos Souza",
"André Suppa Thomaz Pereira",
"Mike  Orey",
"Tel  Amiel",
"Gustavo  Morceli",
"G.  Ramos",
"F.  Barbero",
"M.  Brandão",
"M. R.  Magalhães",
"M.  Carvalho",
"Daniel  Westerlund",
"Matheus Antonio Zucolotto Pereira",
"Sandro Neves Soares",
"Gilda Aparecida de Assis",
"Márcio Lobo Netto",
"Cleberson E. Forte",
"Francisco C. Oliveira",
"Carlos A. Dainese",
"Marlene R. de Freitas",
"Luciano F. Silva",
"Jackson  Gois",
"Francisco Herbert Lima Vasconcelos",
"Vanda Maria Pinheiro Praxedes",
"Maria Dulce Brito Rebouças Freitas",
"Miriam  Lerner",
"Lúcia  Chibante",
"Ederclinger Melo Reis",
"Flávia  Daniela",
"Flaviana S. Silva",
"Elisa T. M. Schlünzen",
"Maria G. M. Silva",
"Reginaldo do Prado",
"Leônidas de Oliveira Brandão",
"Regina E. Alves",
"Marta J. F. S. Souza",
"Ruberley R. de Souza",
"Paulo H. de Souza",
"André Marinho de Araújo",
"Antonio Carlos Cavalcanti",
"Lucidio dos Anjos",
"Ernesto Henrique R. Steinmetz",
"Germana M. da Nóbrega",
"Fernanda  Lima",
"Maria Aparecida Amorim Sibaldo",
"Emerson  Loureiro",
"Francisco César de Oliveira",
"Cleberson  Forte",
"Cláudio  Kirner",
"Carlos  Dainese",
"Adriana Justin Cerveira Krampff",
"Roxane Leandra dos Santos Miranda",
"Silvana Reali Nazario",
"Maria Therezinha de L. Monteiro",
"Edilson  Ferneda",
"Weber S. R. Takaki",
"Rafael Q. R. Gomes",
"Fernando G. da Silvera Junior",
"Evandro de B. Costa",
"João Batista Bottentuit Junior",
"Clara  Coutinho",
"Dulclerci Sternadt Alexandre",
"Fábio de Jesus Lima Gomes",
"Ricardo  Kratz",
"Sergio Crespo C. S. Pinto",
"Andréa  Portugal",
"Blenda  Oliveira",
"Marco  Ianniruberto",
"Tiago de Aragão",
"Vanderlei dos R. Silva",
"Wallace  Ugulino",
"Fernanda  Bono",
"Maria L. K. Barbosa",
"Fernando  Varella",
"Alexandro  Bordignon",
"Viviane de F. Bartholo",
"Marília A. Amaral",
"Maria Istela Cagnin",
"Erica R. de Oliveira",
"Gisleide A. M. Werneck",
"Raquel O. Prates",
"Rosemeire Lima Secco",
"Maicon Herverton Lino Ferreira da Silva",
"Osvaldo Luiz de Oliveira",
"Patrícia B. Scherer Bassani",
"Juliana H. Kowata",
"Maria Claudia Silva Boeres",
"Lauro G. Nalini",
"Carolina M. de Carvalho",
"Marcelo  Patrocinio",
"Lucila  Ishitani",
"Raimundo J. Macário Costa",
"Frederico Oliveira Tosta",
"Luís Alfredo Vidal Filho",
"Renata  Mousinho",
"Fabrício Pereira Reis",
"Paulo Afonso Parreira Júnior",
"Heitor Augustus Xavier Costa",
"Eduardo Felipe Zambom Santana",
"Luiz Henrique Zambom Santana",
"Volia Volia de Almeida Carvalho",
"Wanderley Lopes de Souza",
"Antonio Francisco do Prado",
"Eliane Terezinha Buwai Krupa",
"Fabrícia Cristina Gomes",
"Marcos Junior Marini",
"Alexandre I. Direne",
"Hannah Sabaini de Sá",
"Aline Mendes Vasco",
"Luciana de Lima",
"Marcelle Pereira Mota",
"Silvana R. de Brito",
"Mireille Pinheiro Moreira",
"Diego  Baldani",
"Gino  Piccolo",
"Martha  Hubner",
"Jezer Machado de Oliveira",
"Jorge Luis Victória Barbosa",
"Carlos Alberto Botelho",
"Hermes  Senger",
"Itana  Stiubiener",
"Renata L. da Costa",
"Victor F. A. Barros",
"Joelias S. Pinto",
"Jorge A. Silvestre",
"Lívia da Silva Neiva",
"Alcides Hermes Thereza Jr",
"Jaciara de Sá Carvalho",
"Jean  Piton-Gonçalves",
"Andrea Jessica Borges Monzón",
"Sandra Maria Aluísio",
"Daniela Stevanin Hoffmann",
"Elisa Friedrich Martins",
"Marcus Vinicius de A. Basso",
"Betina von Staa",
"Débora  Conforto",
"Lourenço de Oliveira Basso",
"Maristela Compagnoni Vieira",
"Dra. Lucila Maria Costi Santarosa",
"Edgar  Marçal",
"Melo  Júnior",
"Windson  Viana",
"Rossana  Andrade",
"Júlio Wilson Ribeiro",
"Alexandre Luís Kundrát Eisenmann",
"Eduardo Fernando Mendes",
"Marina Teresa Pires Vieira",
"Natanael R. Bavaresco",
"Ricardo A. Silveira",
"Elieser Ademir de Jesus",
"André Luis Alice Raabe",
"Fretz Sievers Jr.",
"José Silvério E. Germano",
"Felipe de Almeida",
"Patric da S. Ribeiro",
"Fábio T. Franciscato",
"Patrícia M. Mozzaquatro",
"Roseclea D. Medina",
"Miriam  Klemann",
"Barbara Gorziza Avila",
"Leticia Lopes Leite",
"Douglas  Véras",
"Marlos  Silva",
"Pedro  Bispo",
"Lucas M. Braz",
"Sílvio César Cazella",
"Munique  Machado",
"Jorge Luis V. Barbosa",
"Michele  Simonian",
"Gláucia da Silva Brito",
"Fabiana Fattore Serres",
"Fabiana F. Serres",
"Luiz D. Mazzei",
"Mateus Henrique O. Becker",
"Marcus  Basso",
"Carla Cristina Lui Dias",
"Sérgio Vinícius de Sá Lucena",
"Jhônatan  Ferlin",
"Marcelo da Silva Hounsell",
"Vanessa Martins Caldas",
"Jorge  Bidarra",
"Clodis  Boscarioli",
"Sarajane Marques Peres",
"T. R. Garbin",
"C. A. Dainese",
"Márcia G. de Oliveira",
"Elias  Oliveira",
"Rafael Z. Marchesi",
"Leandra Anversa Fioreze",
"Dante  Barone",
"Sílvia  Isaia",
"Regis L. Sebastiani",
"Marta R. Bez",
"Cecília D. Flores",
"Luiz Augusto Matos da Silva",
"Edmar Welington Oliveira",
"Sean Wolfgand M. Siqueira",
"Maria Helena L. B. Braz",
"Marco Antônio Casanova",
"Rubens glyphascimento Melo",
"João E. da R. Tavares",
"Valderi  Leithardt",
"Jorge S. Silva",
"Júlia Marques Carvalho da Silva",
"Magalí T. Longhi",
"Patricia A. Behar",
"Magda  Bercht",
"Gustavo  Simonato",
"Tarsis  Marinho",
"Diego  Dermeval",
"Rafael  Ferreira",
"Henrique Pacca L. Luna",
"Andréa Konzen da Silva",
"Beatriz  Lux",
"Marcia E. J. Kniphoff da Cruz",
"Mirceia  Borin",
"Eduardo Araujo Oliveira",
"Alesanco  Azevedo",
"Jorge  Fonseca",
"Mario  Godoy",
"Carina  Alves",
"Patricia A. Rodrigues",
"Leônidas O. Brandão",
"Henri  Eberspächer",
"Michelle  Joab",
"Marcia Kniphoff da Cruz",
"Werner  Haetinger",
"Fabiano  Horn",
"Douglas Vinícius de Carvalho",
"Gustavo Hermínio Araújo",
"Alisandra Cavalcante Fernandes",
"Raquel Santiago Freire",
"Maria de Fátima Sousa",
"Márcia Duarte Medeiros",
"José Aires Castro Filho",
"Antônio Luiz de Oliveira Barreto",
"Lorena Silva Camelo",
"Mauro Cavalcante Pequeno",
"Heitor  Barros",
"Henrique  Pacca",
"Ig  Ibert",
"Evandro  Barros",
"Sérgio Roberto Matiello Pellegrino",
"Marcelo R. G. Barbosa",
"Felipe A. Silva",
"Victor M. de A. Oliveira",
"Valéria D. Feltrim",
"Luiz G. B. Mirisola",
"Paulo C. Gonçalves",
"Josué J. G. Ramos",
"Lucas T. Alves",
"Helika A. Chikuchi",
"Eduardo K. Kimura",
"Eduardo  Galembeck",
"Carlos E. A. Machado",
"Nilson S. Costa",
"Pedro B. Neto",
"Jean Felipe P. Cheiran",
"Fabrício Oscar da Cunha",
"Tarcila Gesteira da Silva",
"Caroline Kraus Luvizotto",
"Elvis  Fusco",
"Priscila Barros David",
"Fernanda Josirene de Melo Ferreira",
"Hemilis Joyse Barbosa Rocha",
"Gilberto Pedro da Silva Júnior",
"Ivo  Calado",
"Gustavo Pereira Mateus",
"Beatriz  Wilges",
"Silvia  Nassar",
"Ricardo  Silveira",
"Fábio R. Lapoll",
"Cristiane M. Cruz",
"Carlo E. T. Oliveira",
